Track_Name,Artist_Name
"Psycho, Pt. 2",Russ
double take,Dhruv
summer&cigarettes,sammy rash
Startender (feat. Offset and Tyga),"A Boogie Wit da Hoodie,Tyga,Offset"
Swervin (feat. 6ix9ine),"A Boogie Wit da Hoodie,6ix9ine"
Demons and Angels (feat. Juice WRLD),"A Boogie Wit da Hoodie,Juice WRLD"
Look Back at It,A Boogie Wit da Hoodie
Just Like Me (feat. Young Thug),"A Boogie Wit da Hoodie,Young Thug"
Say A',A Boogie Wit da Hoodie
Unhappy,A Boogie Wit da Hoodie
Somebody (feat. Don Q),"A Boogie Wit da Hoodie,Don Q"
Drowning (feat. Kodak Black),"A Boogie Wit da Hoodie,Kodak Black"
"Numbers (feat. Roddy Ricch, Gunna and London On Da Track)","A Boogie Wit da Hoodie,London On Da Track,Roddy Ricch,Gunna"
Broken Clocks,SZA
Drive By,Train
LoveGame,Lady Gaga
lie to me,"Ali Gatie,Tate McRae"
Hurts Like Hell (feat. Offset),"Madison Beer,Offset"
she's all i wanna be,Tate McRae
You Make Me Feel,La La La La
I Need Your Love (feat. Ellie Goulding),"Calvin Harris,Ellie Goulding"
Acapulco,Jason Derulo
Take You Dancing,Jason Derulo
Loved By You (feat. Burna Boy),"Justin Bieber,Burna Boy"
Somebody To You,"The Vamps,Demi Lovato"
It's Gonna Be Me,*NSYNC
Bye Bye Bye,*NSYNC
You Make Me Feel... (feat. Sabi),"Cobra Starship,Sabi"
Sk8er Boi,Avril Lavigne
Hate That I Love You,"Rihanna,Ne-Yo"
Woman (feat. The Dap-Kings Horns),"Kesha,The Dap-Kings Horns"
Let 'Em Talk (feat. Eagles of Death Metal),"Kesha,Eagles Of Death Metal"
Hymn,Kesha
Learn To Let Go,Kesha
Rainbow,Kesha
Don't Run Away,"Tyler James Williams,IM5"
Beautiful,Christina Aguilera
Let Me Love You (Until You Learn To Love Yourself),Ne-Yo
Talking Body,Tove Lo
Woman Like Me (feat. Nicki Minaj),"Little Mix,Nicki Minaj"
I Love Me,Demi Lovato
P.Y.T. (Pretty Young Thing),Michael Jackson
Love Lost,"Mac Miller,The Temper Trap"
Auf & Ab,Montez
Wobble Up (feat. Nicki Minaj & G-Eazy),"Chris Brown,Nicki Minaj,G-Eazy"
Cigarettes On Patios,BabyJake
do re mi,blackbear
Bubblegum Bitch,MARINA
Shut Down,BLACKPINK
wonder if she loves me,JVKE
Build Me up Buttercup,The Foundations
Uptown Girl,Billy Joel
The Way You Make Me Feel - 2012 Remaster,Michael Jackson
29,Demi Lovato
you broke me first,Tate McRae
Don't,Ed Sheeran
Galway Girl,Ed Sheeran
92 Explorer,Post Malone
London Boy,Taylor Swift
We R Who We R,Kesha
Sledgehammer,Fifth Harmony
Make Me Proud,"Drake,Nicki Minaj"
Letting Go (Dutty Love) featuring Nicki Minaj (feat. Nicki Minaj),"Sean Kingston,Nicki Minaj"
All In My Head (Flex) (feat. Fetty Wap),"Fifth Harmony,Fetty Wap"
Baby I,Ariana Grande
WAP (feat. Megan Thee Stallion),"Cardi B,Megan Thee Stallion"
Fancy,"Iggy Azalea,Charli XCX"
Super Freaky Girl,Nicki Minaj
Miss Americana & The Heartbreak Prince,Taylor Swift
False God,Taylor Swift
Girls Like You,The Attire
...Ready For It?,Taylor Swift
End Game,"Taylor Swift,Ed Sheeran,Future"
Like I Can,Sam Smith
Death By A Thousand Cuts,Taylor Swift
Smooth Criminal - 2012 Remaster,Michael Jackson
You Got The Body,Ne-Yo
Because Of You,Ne-Yo
Time of Our Lives,"Pitbull,Ne-Yo"
I Ain't Worried,OneRepublic
wish u the best (feat. Stalking Gia),"blackbear,Stalking Gia"
Numb,"Marshmello,Khalid"
Telepath,Conan Gray
West Coast (feat. Quinn XCII),"DVBBS,Quinn XCII"
Gorgeous,"Kanye West,Kid Cudi,Raekwon"
POWER,Kanye West
All Of The Lights,Kanye West
Monster,"Kanye West,JAY-Z,Rick Ross,Nicki Minaj,Bon Iver"
Devil In A New Dress,"Kanye West,Rick Ross"
Runaway,"Kanye West,Pusha T"
Blame Game,"Kanye West,John Legend"
Uptown Vibes (feat. Fabolous & Anuel AA),"Meek Mill,Anuel AA,Fabolous"
On Me (feat. Cardi B),"Meek Mill,Cardi B"
Championships,Meek Mill
No Love (with SZA),"Summer Walker,SZA"
Ex For A Reason (with JT from City Girls),"Summer Walker,JT,City Girls"
Thot Shit,Megan Thee Stallion
Crying In The Car,Megan Thee Stallion
queen of broken hearts,blackbear
hot girl bummer,blackbear
I feel bad,blackbear
I felt that,blackbear
shots in the dark (with Trippie Redd),"iann dior,Trippie Redd"
When You Down (with Polo G feat. Lil Durk),"Lil Tecca,Polo G,Lil Durk"
What’s New,Megan Thee Stallion
Going Bad (feat. Drake),"Meek Mill,Drake"
Shots Fired,Megan Thee Stallion
Cry Baby (feat. DaBaby),"Megan Thee Stallion,DaBaby"
Body,Megan Thee Stallion
Ain't Equal,Megan Thee Stallion
Savage,Megan Thee Stallion
Captain Hook,Megan Thee Stallion
B.I.T.C.H.,Megan Thee Stallion
Rich,Megan Thee Stallion
Circles,Megan Thee Stallion
So Sick,Ne-Yo
Almost Slipped,Meek Mill
I Forgot That You Existed,Taylor Swift
Bitches These Days,Olivia O'Brien
rubberband,Tate McRae
Run,BTS
Walk Around,"Double A-Ron,Jdillon"
DRUGS,Tai Verdes
Cigarettes,Juice WRLD
Die Hard,"Kendrick Lamar,Blxst,Amanda Reifer"
NUMB,Chri$tian Gate$
sheluvme,Tai Verdes
Nail Tech,Jack Harlow
Youngblood,5 Seconds of Summer
She's Kinda Hot,5 Seconds of Summer
Don't Stop,5 Seconds of Summer
Handle Me Gently,Ne-Yo
Miss Independent,Ne-Yo
FML,Arizona Zervas
ROXANNE,Arizona Zervas
IDGAF (with blackbear),"BoyWithUke,blackbear"
That's Hilarious,Charlie Puth
Lover,Taylor Swift
The Man,Taylor Swift
what would you do?,Tate McRae
Hey Baby (Drop It to the Floor) (feat. T-Pain),"Pitbull,T-Pain"
I Think He Knows,Taylor Swift
Follow God,Kanye West
Jail,Kanye West
Dangerous (feat. Jeremih and PnB Rock),"Meek Mill,Jeremih,PnB Rock"
Wish You Were Sober,Conan Gray
She Looks So Perfect,5 Seconds of Summer
Thunder,Imagine Dragons
Believer,Imagine Dragons
Whatever It Takes,Imagine Dragons
Demons,Imagine Dragons
Honest (feat. Don Toliver),"Justin Bieber,Don Toliver"
Leray,Trippie Redd
Checkmate,Conan Gray
Don't Love Me,Ne-Yo
After Party,Ne-Yo
Proud of You,Ne-Yo
Enchanted,Taylor Swift
Clean,Taylor Swift
I Know Places,Taylor Swift
Long Live,Taylor Swift
Dear John,Taylor Swift
Fairplay - Remix,"Kiana Ledé,A$AP Ferg"
I'm Good (Blue),"David Guetta,Bebe Rexha"
10:35,"Tiësto,Tate McRae"
I Cannot Be (A Sadder Song) (with Gunna),"Post Malone,Gunna"
The Way I Loved You (Taylor’s Version),Taylor Swift
Forever & Always (Taylor’s Version),Taylor Swift
You Are In Love,Taylor Swift
Holy Ground (Taylor's Version),Taylor Swift
Pointless,Lewis Capaldi
Escapism.,"RAYE,070 Shake"
Speak Now,Taylor Swift
Out Of The Woods,Taylor Swift
Wonderland,Taylor Swift
How You Get The Girl,Taylor Swift
Wicked Games,Kiana Ledé
Non-Stop,"Leslie Odom Jr.,Lin-Manuel Miranda,Renée Elise Goldsberry,Phillipa Soo,Christopher Jackson,Original Broadway Cast of Hamilton"
Shot Clock,Ella Mai
Die For You,Joji
Do It Again,"Pia Mia,Chris Brown,Tyga"
The Story Of Us,Taylor Swift
Back To December,Taylor Swift
Too Well,Reneé Rapp
Better Than Revenge,Taylor Swift
Tití Me Preguntó,Bad Bunny
I Want You Back,The Jackson 5
Lucky You (feat. Joyner Lucas),"Eminem,Joyner Lucas"
Sparks Fly,Taylor Swift
Still into You,Paramore
Blank Space,Taylor Swift
I Wish You Would,Taylor Swift
Haunted,Taylor Swift
EX,Kiana Ledé
Cooped Up / Return Of The Mack,"Post Malone,Mark Morrison,Sickick"
The End,Thomas Day
I Like That,SISTAR
BOSS,"NCT,NCT U"
Hobgoblin,CLC
Hate,4Minute
Lucifer,SHINee
Geronimo,Sheppard
Likey,TWICE
PLAYING WITH FIRE,BLACKPINK
DNA,BTS
Snooze,SZA
Low,SZA
stacy's brother,Mad Tsai
lovebomb,Nessa Barrett
Devil,SUPER JUNIOR
Bartender,Quinn XCII
I Got A Boy,Girls' Generation
Lion Heart,Girls' Generation
Gashina,SUNMI
HER,Block B
Before You,Benson Boone
Hate You,Jordi
Bad Idea,Dove Cameron
Fall In Love Alone,Stacey Ryan
American Teenager,Ethel Cain
Daydreamin',Ariana Grande
"쏘리 쏘리 Sorry, Sorry",SUPER JUNIOR
ever fallen?,Kate Peytavin
View,SHINee
Don't Wanna Cry,SEVENTEEN
Crazy,4Minute
Fantastic Baby,BIGBANG
CALL ME BABY,EXO
Chained Up,VIXX
FAKE LOVE,BTS
What is Love,TWICE
Shine,PENTAGON
Read your Mind,Sabrina Carpenter
More Than You Know,Axwell /\ Ingrosso
Something Big,Shawn Mendes
Maroon,Taylor Swift
Lavender Haze,Taylor Swift
Vigilante Shit,Taylor Swift
Sweet Nothing,Taylor Swift
Glitch,Taylor Swift
Karma,Taylor Swift
Drew Barrymore,SZA
"So Fresh, So Clean",Outkast
Ms. Jackson,Outkast
I Did Something Bad,Taylor Swift
Rich Flex,"Drake,21 Savage"
Hours In Silence,"Drake,21 Savage"
BackOutsideBoyz,Drake
Spin Bout U,"Drake,21 Savage"
In My Feelings,Drake
Snow On The Beach (feat. Lana Del Rey),"Taylor Swift,Lana Del Rey"
Midnight Rain,Taylor Swift
Paris,Taylor Swift
Bejeweled,Taylor Swift
Betty (Get Money),Yung Gravy
Jimmy Cooks (feat. 21 Savage),"Drake,21 Savage"
ghost town,JVKE
golden hour,JVKE
moon and back,JVKE
One Day,Tate McRae
Cruel,Jackson Wang
Nice For What,Drake
Blow,Jackson Wang
Vicious,Sabrina Carpenter
because i liked a boy,Sabrina Carpenter
Nonsense,Sabrina Carpenter
Already Over,Sabrina Carpenter
bet u wanna,Sabrina Carpenter
Champagne Cool,Jackson Wang
Drive It Like You Stole It,Jackson Wang
Tornado Warnings,Sabrina Carpenter
I'm Upset,Drake
Way 2 Sexy (with Future & Young Thug),"Drake,Future,Young Thug"
Been Here All Along,Hannah Montana
pick up the phone,"Young Thug,Travis Scott"
Nightcrawler (feat. Swae Lee & Chief Keef),"Travis Scott,Swae Lee,Chief Keef"
3500 (feat. Future & 2 Chainz),"Travis Scott,Future,2 Chainz"
Apple Pie,Travis Scott
OUT WEST (feat. Young Thug),"JACKBOYS,Travis Scott,Young Thug"
La Bachata,Manuel Turizo
ALIEN SUPERSTAR,Beyoncé
beibs in the trap,Travis Scott
Rare,Selena Gomez
Ring,Selena Gomez
People You Know,Selena Gomez
Dance Again,Selena Gomez
Vulnerable,Selena Gomez
wonder if she loves me,JVKE
Down,"Jay Sean,Lil Wayne"
Wrapped Around Your Finger,Post Malone
Look At Her Now,Selena Gomez
Distraction,Polo G
BUTTERFLY EFFECT,Travis Scott
5% TINT,Travis Scott
Fast Times,Sabrina Carpenter
decode,Sabrina Carpenter
Bad for Business,Sabrina Carpenter
emails i can’t send,Sabrina Carpenter
This Is Why We Can't Have Nice Things,Taylor Swift
Call It What You Want,Taylor Swift
Dress,Taylor Swift
WAKE UP,Travis Scott
Gorgeous,Taylor Swift
My Mind & Me,Selena Gomez
Down In Atlanta,"Pharrell Williams,Travis Scott"
Sue Me,Sabrina Carpenter
Run BTS,BTS
Ainvayi Ainvayi,"Salim–Sulaiman,Salim Merchant,Sunidhi Chauhan,Amitabh Bhattacharya"
No Hands,Waka Flocka Flame
Drip Too Hard (Lil Baby & Gunna),"Lil Baby,Gunna"
Dancing With Our Hands Tied,Taylor Swift
Ghost,Ella Henderson
Fresh Eyes,Andy Grammer
Pretty Girls,iann dior
Maria I'm Drunk (feat. Justin Bieber & Young Thug),"Travis Scott,Justin Bieber,Young Thug"
Want Her,"Mustard,Quavo,YG"
Sandman,A$AP Rocky
Me and My Guitar,A Boogie Wit da Hoodie
Rags2Riches 2 (feat. Lil Baby),"Rod Wave,Lil Baby"
Up All Night,Khalid
Be Like That - feat. Swae Lee & Khalid,"Kane Brown,Swae Lee,Khalid"
@ my worst,blackbear
Bam Bam (feat. Ed Sheeran),"Camila Cabello,Ed Sheeran"
Move On - Bonus,Lil Tjay
Fade Away,"The Kid LAROI,Lil Tjay"
bad vibes forever (feat. PnB Rock & Trippie Redd),"XXXTENTACION,PnB Rock,Trippie Redd"
Love Drugs and Sex,A Boogie Wit da Hoodie
Taking A Walk,Trippie Redd
Light Switch,Charlie Puth
family ties (with Kendrick Lamar),"Baby Keem,Kendrick Lamar"
Mr. Rager,Kid Cudi
Strawberry Skies,Kid Travis
Cherry Wine,grentperez
The Spins,Mac Miller
By Your Side,Rod Wave
They Don't Know About Us,One Direction
Call You Mine,"The Chainsmokers,Bebe Rexha"
Time Flies,Drake
Playing Games (with Bryson Tiller) - Extended Version,"Summer Walker,Bryson Tiller"
Feel No Ways,Drake
u love u (with Tate McRae),"blackbear,Tate McRae"
Cruel Summer,Taylor Swift
The Very First Night (Taylor's Version) (From The Vault),Taylor Swift
Mr. Perfectly Fine (Taylor’s Version) (From The Vault),Taylor Swift
I Wonder,Kanye West
Broadway Girls (feat. Morgan Wallen),"Lil Durk,Morgan Wallen"
In My Room,Frank Ocean
Damage,H.E.R.
Crowded Room (feat. 6LACK),"Selena Gomez,6LACK"
New Romantics,Taylor Swift
family ties (with Kendrick Lamar),"Baby Keem,Kendrick Lamar"
in my head,Ariana Grande
The Champion - Bonus Track,"Carrie Underwood,Ludacris"
Tic Tac,"Future,Lil Uzi Vert"
We Don't Luv Em,HoodRich Pablo Juan
Love Letter,Scorey
I Like That,Bazzi
No Love (with SZA & Cardi B) - Extended Version,"Summer Walker,SZA,Cardi B"
I Bet You Think About Me (feat. Chris Stapleton) (Taylor’s Version) (From The Vault),"Taylor Swift,Chris Stapleton"
Better Days (NEIKED x Mae Muller x Polo G),"NEIKED,Mae Muller,Polo G"
RAPSTAR,Polo G
Pop Out (feat. Lil Tjay),"Polo G,Lil Tjay"
Headshot (feat. Polo G & Fivio Foreign),"Lil Tjay,Polo G,Fivio Foreign"
Falling Down - Bonus Track,"Lil Peep,XXXTENTACION"
Imperfections (Interlude),Pop Smoke
That's What I Like (feat. Gucci Mane),"Bruno Mars,Gucci Mane"
Fell In Luv (feat. Bryson Tiller),"Playboi Carti,Bryson Tiller"
Sunroof,"Nicky Youre,dazy"
Feel Good (feat. Lil Tjay),"Fresco Trey,Lil Tjay"
Babe (Taylor's Version) (From The Vault),Taylor Swift
Lingo,"Deno,J.I the Prince of N.Y,Chunkz"
Jordan Belfort,"Wes Walker,Dyl"
As If It's Your Last,BLACKPINK
Drankin N Smokin,"Future,Lil Uzi Vert"
I Can't Sleep,"Powfu,Sarcastic Sounds"
Fight the Feeling,"Mac Miller,Kendrick Lamar,Iman Omari"
Still Trappin',"Lil Durk,King Von"
Took Her To The O,King Von
slower,Tate McRae
Come Through (feat. Chris Brown),"H.E.R.,Chris Brown"
GO TO HELL,Clinton Kane
i don't want to watch the world end with someone else,Clinton Kane
CHICKEN TENDIES,Clinton Kane
Daddy Issues - Slowed Remix,syre
Opp Stoppa (feat. 21 Savage),"YBN Nahmir,21 Savage"
All I Wanna Do (K) (Feat. Hoody & Loco),"Jay Park,Hoody,Loco"
Scared Money (feat. J. Cole and Moneybagg Yo),"YG,J. Cole,Moneybagg Yo"
So Good (Feat. Common Ground),"Jay Park,Common Ground"
Drown (feat. Clinton Kane),"Martin Garrix,Clinton Kane"
WUSYANAME (feat. Youngboy Never Broke Again & Ty Dolla $ign),"Tyler, The Creator,YoungBoy Never Broke Again,Ty Dolla $ign"
Out of Time,The Weeknd
Teenage Fever,Drake
With You,Chris Brown
Love Lockdown,Kanye West
No Air (feat. Chris Brown),"Jordin Sparks,Chris Brown"
Right Above It,"Lil Wayne,Drake"
January 28th,J. Cole
Avalanche,Migos
Leaked,Lil Tjay
Famous,Kanye West
Calling My Phone,"Lil Tjay,6LACK"
Every Summertime,NIKI
Animals,Maroon 5
Never Really Over,Katy Perry
For Tonight,Giveon
Heart Mind,"Kodak Black,Plies"
Champions,"Kanye West,Gucci Mane,Big Sean,2 Chainz,Travis Scott,Yo Gotti,Quavo,Desiigner"
Pop Thieves (Make It Feel Good),"Childish Gambino,Jaden"
Buy U a Drank (Shawty Snappin') (feat. Yung Joc),"T-Pain,Yung Joc"
LOVE. FEAT. ZACARI.,"Kendrick Lamar,Zacari"
Run This Town,"JAY-Z,Rihanna,Kanye West"
Échame La Culpa,"Luis Fonsi,Demi Lovato"
It Wasn't Me,"Shaggy,Rik Rok"
3005,Childish Gambino
Good Life,"Kanye West,T-Pain"
"Do It (feat. Doja Cat, City Girls & Mulatto) [Remix]","Chloe x Halle,Doja Cat,City Girls,Latto"
DEVASTATED,Joey Bada$$
Father Stretch My Hands Pt. 1,Kanye West
I Wonder,Kanye West
Sativa,"Jhené Aiko,Swae Lee"
Sundress,A$AP Rocky
Champion,Kanye West
Good Life,"Kanye West,T-Pain"
Ultralight Beam,Kanye West
Saint Pablo,Kanye West
m y . l i f e (with 21 Savage & Morray),"J. Cole,21 Savage,Morray"
Praise God,Kanye West
Love Sosa,Chief Keef
Still Think About You,A Boogie Wit da Hoodie
Jumpin (feat. Polo G),"NLE Choppa,Polo G"
Losin Control,Russ
All Night,"The Vamps,Matoma"
Rich MF (feat. Polo G & Lil Durk),"Trippie Redd,Polo G,Lil Durk"
I Don't Like,"Chief Keef,Lil Reese"
Runaway Baby,Bruno Mars
Super Gremlin,Kodak Black
Sky,Playboi Carti
Burn,USHER
Smokin Out The Window,"Bruno Mars,Anderson .Paak,Silk Sonic"
Rich Nigga Shit (feat. Young Thug),"21 Savage,Metro Boomin,Young Thug"
Crooked Smile (feat. TLC),"J. Cole,TLC"
Lost,Frank Ocean
"Leave Em Alone (Layton Greene, Lil Baby feat. City Girls, PnB Rock)","Quality Control,Layton Greene,Lil Baby,City Girls,PnB Rock"
Jungle,A Boogie Wit da Hoodie
Pepas,Farruko
High,The Chainsmokers
boyfriend (with Social House),"Ariana Grande,Social House"
Tequila Shots,Kid Cudi
Don't Wanna Fall In Love,KYLE
This Love,Maroon 5
Maps,Maroon 5
Lost,Frank Ocean
"Slide (Remix) (feat. Pop Smoke, A Boogie Wit da Hoodie & Chris Brown) (feat. Pop Smoke)","H.E.R.,A Boogie Wit da Hoodie,Chris Brown,Pop Smoke"
Fine China,"Future,Juice WRLD"
Girl At Home (Taylor's Version),Taylor Swift
Message In A Bottle (Taylor's Version) (From The Vault),Taylor Swift
Starlight (Taylor's Version),Taylor Swift
Stay Stay Stay (Taylor's Version),Taylor Swift
Run It! (feat. Juelz Santana),"Chris Brown,Juelz Santana"
I Almost Do (Taylor's Version),Taylor Swift
California Love - Original Version,"2Pac,Roger,Dr. Dre"
777,"Bruno Mars,Anderson .Paak,Silk Sonic"
Teenage Dream,Katy Perry
Wonder,Shawn Mendes
Monster (Shawn Mendes & Justin Bieber),"Shawn Mendes,Justin Bieber"
Steal My Girl,One Direction
The One That Got Away,Katy Perry
All Too Well (Taylor's Version),Taylor Swift
Black Porsche,Quinn XCII
Oops (feat. Charlie Puth),"Little Mix,Charlie Puth"
Reggaetón Lento (Remix),"CNCO,Little Mix"
We Don’t Talk Enough (with Alexander 23),"Quinn XCII,Alexander 23"
Dilliwaali Girlfriend,"Pritam,Arijit Singh,Sunidhi Chauhan"
Badtameez Dil,"Pritam,Benny Dayal,Shefali Alvares"
Balam Pichkari,"Pritam,Vishal Dadlani,Shalmali Kholgade"
Gonna Get This,"Hannah Montana,Iyaz"
Ordinary Girl,Hannah Montana
Kiss it Goodbye,Hannah Montana
I'll Always Remember You,Hannah Montana
Need a Little Love,"Hannah Montana,Sheryl Crow"
Are You Ready,Hannah Montana
I'm Still Good,Hannah Montana
Barefoot Cinderella,Hannah Montana
21,Polo G
Flex (feat. Juice WRLD),"Polo G,Juice WRLD"
I Know,Polo G
Light On,Quinn XCII
Eastside (with Halsey & Khalid),"benny blanco,Halsey,Khalid"
Die For Me (feat. Future & Halsey),"Post Malone,Halsey,Future"
me & ur ghost,blackbear
Dua Lipa,Jack Harlow
THRU THE NIGHT (feat. Bryson Tiller),"Jack Harlow,Bryson Tiller"
One Less Lonely Girl,Justin Bieber
Favorite Girl,Justin Bieber
Love Me,Justin Bieber
One Time,Justin Bieber
Eenie Meenie,"Justin Bieber,Sean Kingston"
Go Stupid,"Polo G,Stunna 4 Vegas,NLE Choppa,Mike WiLL Made-It"
That Should Be Me,Justin Bieber
Never Say Never,"Justin Bieber,Jaden"
Paper Rings,Taylor Swift
Back To You - From 13 Reasons Why – Season 2 Soundtrack,Selena Gomez
Head In The Clouds,"88rising,Joji"
I miss the old u,blackbear
u love u,"blackbear,Tate McRae"
WAIT FOR U (feat. Drake & Tems),"Future,Drake,Tems"
Beauty And A Beat,"Justin Bieber,Nicki Minaj"
Chosen (feat. Ty Dolla $ign),"Blxst,Tyga,Ty Dolla $ign"
Heartless (feat. Mustard),"Polo G,Mustard"
Fight Night,Migos
Cheating on You,Charlie Puth
Light Switch,Charlie Puth
she's all i wanna be,Tate McRae
Die Young (feat. 347aidan),"Sleepy Hallow,347aidan"
In the Ayer (feat. will.I.am),"Flo Rida,will.i.am"
Survivor,Destiny's Child
Break Your Heart,Taio Cruz
There She Goes,"Taio Cruz,Pitbull"
LATATA,(G)I-DLE
double take,Dhruv
I Like Me Better,Lauv
Please Me,"Cardi B,Bruno Mars"
Autopilot,Quinn XCII
i'm so tired...,"Lauv,Troye Sivan"
Phases,PRETTYMUCH
Show Me What You Got,G.R.L.
Rewind,G.R.L.
Ugly Heart,G.R.L.
Bam Bam (feat. Ed Sheeran),"Camila Cabello,Ed Sheeran"
International Love (feat. Chris Brown),"Pitbull,Chris Brown"
Somebody To You,The Vamps
Runaway Baby,Bruno Mars
People Watching,Conan Gray
Girls Like You,The Attire
Always Been You,Quinn XCII
stupid,Tate McRae
Toxic,Polo G
Don’t Blame Me,Taylor Swift
Quiet,Camila Cabello
psychofreak (feat. WILLOW),"Camila Cabello,WILLOW"
Don't Go Yet,Camila Cabello
La Buena Vida,Camila Cabello
Pink + White,Frank Ocean
Winnebago (feat. Quinn XCII & Daniel Wilson),"Gryffin,Quinn XCII,Daniel Wilson"
Worst,Quinn XCII
Liar,Camila Cabello
The Night Is Still Young,Nicki Minaj
Knockin,Freddie Stroma
Maniac,Conan Gray
Me And You,"Coco Jones,Tyler James Williams"
Black Magic,Little Mix
NOT SOBER (feat. Polo G & Stunna Gambino),"The Kid LAROI,Polo G,Stunna Gambino"
You Never Know,BLACKPINK
Forever Young,BLACKPINK
Hot (feat. Gunna),"Young Thug,Gunna"
Bad Bad Bad (feat. Lil Baby),"Young Thug,Lil Baby"
Lately,"Forrest.,Biskwiq,Ryce"
sun and moon,anees
Sunroof,"Nicky Youre,dazy"
MONEY,LISA
First Class,Jack Harlow
It Wasn't Me,"Shaggy,Rik Rok"
Buy U a Drank (Shawty Snappin') (feat. Yung Joc),"T-Pain,Yung Joc"
I Don't Like,"Chief Keef,Lil Reese"
Just That Girl,Drew Seeley
See You Again,Miley Cyrus
Baby,"Justin Bieber,Ludacris"
Relationship (feat. Future),"Young Thug,Future"
Shout Out to My Ex,Little Mix
Touch (feat. Kid Ink),"Little Mix,Kid Ink"
REPEAT IT (with Gunna),"Lil Tecca,Gunna"
Life Goes On (feat. Trippie Redd & Ski Mask The Slump God),"Oliver Tree,Trippie Redd,Ski Mask The Slump God"
SO DONE,The Kid LAROI
Suga Suga,"Baby Bash,Frankie J"
ALWAYS DO,The Kid LAROI
Good Life,"Kanye West,T-Pain"
Element,Pop Smoke
White America,Eminem
Cleanin' Out My Closet,Eminem
Square Dance,Eminem
Say Goodbye Hollywood,Eminem
Without Me,Eminem
Till I Collapse,"Eminem,Nate Dogg"
2055,Sleepy Hallow
Just A Cloud Away,Pharrell Williams
Barso Re,"A.R. Rahman,Shreya Ghoshal,Uday Mazumdar"
Ready (feat. Gunna),"Lil Baby,Gunna"
Thousand Miles,The Kid LAROI
Numb Numb Juice,ScHoolboy Q
Insane,Summer Walker
Mind Is A Prison,Alec Benjamin
Demons,Alec Benjamin
Oh My God,Alec Benjamin
The Book of You & I,Alec Benjamin
Match In The Rain,Alec Benjamin
As It Was,Harry Styles
Jesus in LA,Alec Benjamin
Alamo,Alec Benjamin
Must Have Been The Wind,Alec Benjamin
drunk text me,Lexi Jayde
Happier Than Ever - Edit,Billie Eilish
Bam Bam (feat. Ed Sheeran),"Camila Cabello,Ed Sheeran"
Finesse - Remix; feat. Cardi B,"Bruno Mars,Cardi B"
Don't Run Away,"Tyler James Williams,IM5"
I'm Not A Cynic,Alec Benjamin
Power (feat. Stormzy),"Little Mix,Stormzy"
Clueless (with Pop Smoke & Fivio Foreign),"Polo G,Pop Smoke,Fivio Foreign"
good 4 u,Olivia Rodrigo
Tombé,M. Pokora
Bad Man (Smooth Criminal),Polo G
Martin & Gina,Polo G
Chicago Freestyle (feat. Giveon),"Drake,Giveon"
I WANNA SEE SOME ASS (feat. jetsonmade),"Jack Harlow,jetsonmade"
It's Not so Bad,Dybbukk
MOMMAE (Feat. Ugly Duck),"Jay Park,Ugly Duck"
Girls Want Girls (with Lil Baby),"Drake,Lil Baby"
Die Hard,"Kendrick Lamar,Blxst,Amanda Reifer"
R.I.C.O. (feat. Drake),"Meek Mill,Drake"
Bad for You (feat. Nicki Minaj),"Meek Mill,Nicki Minaj"
Fix It to Break It,Clinton Kane
Come & Go (with Marshmello),"Juice WRLD,Marshmello"
Boyfriend,Dove Cameron
love nwantiti (ah ah ah),CKay
Until I Found You,Stephen Sanchez
Where Are You Now,"Lost Frequencies,Calum Scott"
Let Me Down (with Chelsea Cutler),"Quinn XCII,Chelsea Cutler"
Backpack,Quinn XCII
FOMO (Don't Do Cool Shit),Quinn XCII
If Only I (feat. Bebe Rexha),"Loud Luxury,Two Friends,Bebe Rexha"
Low Life (feat. The Weeknd),"Future,The Weeknd"
ZEZE (feat. Travis Scott & Offset),"Kodak Black,Offset,Travis Scott"
I'm Gonna Show You Crazy,Bebe Rexha
Kiss You,One Direction
I Would,One Direction
Rock Me,One Direction
"C'mon, C'mon",One Direction
Back For You,One Direction
Nobody Compares,One Direction
She's Not Afraid,One Direction
You Proof,Morgan Wallen
Hurt Somebody,"Noah Kahan,Julia Michaels"
Save Me,Noah Kahan
Sink,Noah Kahan
Where You Are - Zedd Remix,"John Summit,HAYLA,Zedd"
Lovin On Me,Jack Harlow
Caught Up (with Olivia O'Brien),"Gryffin,Olivia O'Brien"
Rock Ur World,"Knock2,fussy"
Deserve You,Justin Bieber
Hold On,Justin Bieber
Boots,Kesha
Boogie Feet (feat. Eagles of Death Metal),"Kesha,Eagles Of Death Metal"
Girls in the Hood,Megan Thee Stallion
Don’t Stop (feat. Young Thug),"Megan Thee Stallion,Young Thug"
clown (with Trevor Daniel),"blackbear,Trevor Daniel"
Tidal,Noah Kahan
half alive,blackbear
Summersault,dilip
Little Bit of Time,dilip
Same,dilip
Dreaming,dilip
I Be,Key Glock
Hellcats & Trackhawks,"Only The Family,Lil Durk"
So Far Away (feat. Jamie Scott & Romy Dya),"Martin Garrix,David Guetta,Jamie Scott,Romy Dya"
Be Something,"Polo G,Lil Baby"
As I Am (feat. Khalid),"Justin Bieber,Khalid"
Isabelle,Zach Hood
Sunset Lover,Petit Biscuit
Fell In Love,"Marshmello,Brent Faiyaz"
Make You Say,"Zedd,Maren Morris,BEAUZ"
Anti-Hero - ILLENIUM Remix,"Taylor Swift,ILLENIUM"
YOUTH,Troye Sivan
Chills (LA Hills),"Tiësto,A Boogie Wit da Hoodie"
I Was Never There,"The Weeknd,Gesaffelstein"
What You Know Bout Love,Pop Smoke
Back to You (feat. Bebe Rexha & Digital Farm Animals),"Louis Tomlinson,Bebe Rexha,Digital Farm Animals"
FTCU,Nicki Minaj
She Knows,"Ne-Yo,Juicy J"
Lemon Lime,Nic D
Ticking Away,"VALORANT,Grabbitz,bbno$"
Welcome to Chilis,"BABY GRAVY,Yung Gravy,bbno$"
Cowgirl (feat. Lourdiz),"Nicki Minaj,Lourdiz"
Everybody (feat. Lil Uzi Vert),"Nicki Minaj,Lil Uzi Vert"
Infinitely Falling,Fly By Midnight
Body,"Loud Luxury,Brando"
Halloween,Novo Amor
Afterglow,Sam Fischer
Grow A Pear,Kesha
One in a Million,"Bebe Rexha,David Guetta"
Sky High,Elektronomia
Heartless,Kanye West
Don't You Worry Child - Radio Edit,"Swedish House Mafia,John Martin"
OK Not To Be OK,"Marshmello,Demi Lovato"
if we never met,John K
Be Kind (with Halsey),"Marshmello,Halsey"
Hopeless Romantic,Sam Fischer
Secondhand Happiness,Sam Fischer
What Other People Say,"Sam Fischer,Demi Lovato"
This City,Sam Fischer
july,Lyn Lapid
Falling,Harry Styles
Watching My World Fall Apart,Sam Fischer
In The Stars,Benson Boone
Alright,"Sam Fischer,Meghan Trainor"
Somebody,Justin Bieber
Anyone,Justin Bieber
Off My Face,Justin Bieber
Wake Up in the Sky,"Gucci Mane,Bruno Mars,Kodak Black"
Murder on My Mind,YNW Melly
"King's Dead (with Kendrick Lamar, Future & James Blake)","Jay Rock,Kendrick Lamar,Future,James Blake"
Close Friends (Lil Baby & Gunna),Lil Baby
Rubbin off the Paint,YBN Nahmir
Kamikaze,Lil Mosey
Noticed,Lil Mosey
Yoppa (with BlocBoy JB),"Lil Mosey,BlocBoy JB"
Come Over,Noah Kahan
Orange Juice,Noah Kahan
Last Time I Saw You,Nicki Minaj
Come Thru (with Usher),"Summer Walker,USHER"
Beautiful Pain (Losin My Mind),Polo G
AT THE PARTY (feat. Pharrell Williams & Travis Scott),"Kid Cudi,Pharrell Williams,Travis Scott"
Raindrops (Insane) [with Travis Scott],"Metro Boomin,Travis Scott"
TOES (feat. Lil Baby & Moneybagg Yo),"DaBaby,Lil Baby,Moneybagg Yo"
Ransom,Lil Tecca
Mixed Personalities (feat. Kanye West),"YNW Melly,Kanye West"
Opps Want Me Dead,Lil Skies
What If I Love You,Gatlin
High School in Jakarta,NIKI
11.11,Quavo
seven,Taylor Swift
epiphany,Taylor Swift
mirrorball,Taylor Swift
the lakes - bonus track,Taylor Swift
Killing Me,Conan Gray
The Lucky One (Taylor's Version),Taylor Swift
Red (Taylor's Version),Taylor Swift
State Of Grace (Taylor's Version),Taylor Swift
Begin Again (Taylor's Version),Taylor Swift
Treacherous (Taylor's Version),Taylor Swift
All Too Well (10 Minute Version) (Taylor's Version) (From The Vault),Taylor Swift
Run (feat. Ed Sheeran) (Taylor’s Version) (From The Vault),"Taylor Swift,Ed Sheeran"
The Moment I Knew (Taylor's Version),Taylor Swift
Everything Has Changed (feat. Ed Sheeran) (Taylor’s Version),"Taylor Swift,Ed Sheeran"
JACKIE BROWN,Brent Faiyaz
"Nonviolent Communication (Metro Boomin & James Blake, A$AP Rocky, 21 Savage)","Metro Boomin,James Blake,A$AP Rocky,21 Savage"
Hummingbird (Metro Boomin & James Blake),"Metro Boomin,James Blake"
There for You,"Martin Garrix,Troye Sivan"
Naked,James Arthur
Is It Over Now? (Taylor's Version) (From The Vault),Taylor Swift
Agora Hills,Doja Cat
My Love Mine All Mine,Mitski
exes,Tate McRae
Ain’t That Some,Morgan Wallen
The Lost Boy (feat. Skizzy Mars),"Lostboycrow,Skizzy Mars"
Last Night,Morgan Wallen
Someone You Loved,Lewis Capaldi
Bruises,Lewis Capaldi
Grace,Lewis Capaldi
Forever,Lewis Capaldi
Ghost,Justin Bieber
Die For You (feat. Dominic Fike),"Justin Bieber,Dominic Fike"
Holy (feat. Chance The Rapper),"Justin Bieber,Chance the Rapper"
Hold Me While You Wait,Lewis Capaldi
Body Party,Ciara
Believe Me,Navos
Bartender (feat. Akon),"T-Pain,Akon"
F2F,SZA
Notice Me,SZA
Gone Girl,SZA
Used (feat. Don Toliver),"SZA,Don Toliver"
In My Head (feat. Travis Barker),"24kGoldn,Travis Barker"
That's What I Get,charlieonnafriday
16,Baby Keem
Dangerous,"Kardinal Offishall,Akon"
Holding on to Us,Leslie Odom Jr.
All I Want Is You (feat. J. Cole),"Miguel,J. Cole"
Thinkin Bout You,Frank Ocean
Love Songs - Bonus,Kaash Paige
Still Your Best,Giveon
Open Arms (feat. Travis Scott),"SZA,Travis Scott"
Where The Love Goes (feat. Oskar Flood),"Anjulie,Oskar Flood"
Smack That,"Akon,Eminem"
Lost Me,Giveon
"no body, no crime (feat. HAIM)","Taylor Swift,HAIM"
Pasadena,"BABY GRAVY,Yung Gravy,bbno$"
piccolo,bbno$
"Better Off (Alone, Pt. III)","Alan Walker,Dash Berlin,Vikkstar"
MONEY ON THE DASH,"Elley Duhé,Whethan"
Kratos (A Little Closer),Alex LeMirage
Aftertaste (feat. Morgan St. Jean),"Loud Luxury,Morgan St. Jean"
i like the way you kiss me,Artemas
Espresso,Sabrina Carpenter
My Boy Only Breaks His Favorite Toys,Taylor Swift
Down Bad,Taylor Swift
But Daddy I Love Him,Taylor Swift
Fresh Out The Slammer,Taylor Swift
Who’s Afraid of Little Old Me?,Taylor Swift
Guilty as Sin?,Taylor Swift
imgonnagetyouback,Taylor Swift
So High School,Taylor Swift
Never Be Lonely,"Jax Jones,Zoe Wees"
Acapulco,Jason Derulo
Thank You (Not So Bad),"Dimitri Vegas & Like Mike,Tiësto,Dido,W&W,Dimitri Vegas,Like Mike"
(It Goes Like) Nanana - Edit,Peggy Gou
Massive,Drake
Work Song,Hozier
Enchanted Waterfall,krush
Stereo Love - Sped Up,krush
Best Time,Brent Faiyaz
lil' freak,bbno$
Jerry Sprunger (with T-Pain),"Tory Lanez,T-Pain"
Bad Memories,"MEDUZA,James Carter,Elley Duhé,FAST BOY"
Lose It All (I Don't Wanna),BUNT.
Piece Of Your Heart,"MEDUZA,Goodboys"
Tell Ur Girlfriend,Lay Bankz
Like That,"Future,Metro Boomin,Kendrick Lamar"
obsessed,Olivia Rodrigo
Perfect Strangers,"Jonas Blue,JP Cooper"
No Fear,DeJ Loaf
DNA (Loving You) [feat. Hannah Boleyn],"Billy Gillies,Hannah Boleyn"
Body Moving,"Eliza Rose,Calvin Harris"
Addicted,"Zerb,The Chainsmokers,Ink"
Too Sweet,Hozier
Where Are You Now,"Lost Frequencies,Calum Scott"
Type Shit,"Future,Metro Boomin,Travis Scott,Playboi Carti"
We Got The Party,Hannah Montana
Nobody's Perfect,Hannah Montana
Rock Star,Hannah Montana
Old Blue Jeans,Hannah Montana
Life's What You Make It,Hannah Montana
One In a Million,Hannah Montana
True Friend,Hannah Montana
He Could Be the One,Hannah Montana
I Wanna Know You,"Hannah Montana,David Archuleta"
Supergirl,Hannah Montana
Don't Wanna Be Torn,Hannah Montana
Let's Get Crazy,Hannah Montana
If We Were A Movie,"Hannah Montana,Corbin Bleu"
Love Me Harder,"Ariana Grande,The Weeknd"
Formula,Labrinth
This Is The Life - From Hannah Montana/Soundtrack Version,Hannah Montana
The Other Side of Me - From Hannah Montana/Soundtrack Version,Hannah Montana
If We Were A Movie - From Hannah Montana/Soundtrack Version,Hannah Montana
Pumpin' Up The Party - From Hannah Montana/Soundtrack Version,Hannah Montana
"Good Luck, Babe!",Chappell Roan
Keep Driving,Harry Styles
we're not alike,Tate McRae
MILLION DOLLAR BABY,Tommy Richman
Pick Me,Alec Benjamin
Different Kind Of Beautiful,Alec Benjamin
I Sent My Therapist To Therapy,Alec Benjamin
Tell It To My Heart,"MEDUZA,Hozier"
Old Town Road,Lil Nas X
Hell N Back (feat. Summer Walker),"Bakar,Summer Walker"
Go Back (feat. Julia Church),"John Summit,Sub Focus,Julia Church"
Drifting,Tiësto
I Got Nerve - From Hannah Montana/Soundtrack Version,Hannah Montana
The Best of Both Worlds - From Hannah Montana/Soundtrack Version,Hannah Montana
Who Said - From Hannah Montana/Soundtrack Version,Hannah Montana
Just Like You - From Hannah Montana/Soundtrack Version,Hannah Montana
Old Town Road - Remix,"Lil Nas X,Billy Ray Cyrus"
Terms and Conditions,Mahalia
Phone,"MEDUZA,Sam Tompkins,Em Beihold"
These Nights,"Loud Luxury,KIDDO"
Get Lucky (feat. Pharrell Williams and Nile Rodgers),"Daft Punk,Pharrell Williams,Nile Rodgers"
all my friends,21 Savage
a&t,21 Savage
Without You (feat. Usher),"David Guetta,USHER"
a lot,21 Savage
pad lock,21 Savage
asmr,21 Savage
BLUE SKY,Kid Cudi
Almost (Sweet Music),Hozier
Home,Good Neighbours
Tummy Hurts,Reneé Rapp
Talk Too Much,Reneé Rapp
Poison Poison,Reneé Rapp
née-nah,"21 Savage,Travis Scott,Metro Boomin"
Never Lose Me,Flo Milli
Come Down - RAC Mix,"Noah Kahan,RAC"
Glue Myself Shut,Noah Kahan
HOTEL LOBBY (Unc & Phew),"Quavo,Takeoff"
sneaky,21 Savage
Ruby,"Connor Price,Oliver Cronin"
back 2 back 2 back,"BABY GRAVY,Yung Gravy,bbno$"
Super Smash Bros.,"BABY GRAVY,Yung Gravy,bbno$"
No Way Jose,"BABY GRAVY,Yung Gravy,bbno$"
Despicable G's,"BABY GRAVY,Yung Gravy,bbno$"
KEEP BOUNCIN’,Kid Cudi
WOW (with A$AP Rocky),"Kid Cudi,A$AP Rocky"
Cardigan,Don Toliver
Just Us (feat. SZA),"DJ Khaled,SZA"
GET OFF ME (with Travis Scott),"Kid Cudi,Travis Scott"
GETCHA GONE,Kid Cudi
RAGER BOYZ (with Young Thug),"Kid Cudi,Young Thug"
ELECTROWAVEBABY,Kid Cudi
CUD LIFE,Kid Cudi
should've wore a bonnet,"21 Savage,Brent Faiyaz"
redrum,21 Savage
HVN ON EARTH (with Kodak Black),"Lil Tecca,Kodak Black"
Big Girls Don't Cry (Personal),Fergie
No Idea,Don Toliver
Domino,Jessie J
supernatural,Ariana Grande
true story,Ariana Grande
the boy is mine,Ariana Grande
bye,Ariana Grande
imperfect for you,Ariana Grande
guilty conscience,Tate McRae
eternal sunshine,Ariana Grande
Desire (with Sam Smith),"Calvin Harris,Sam Smith"
we can't be friends (wait for your love),Ariana Grande
Let's Go,Key Glock
Baby again..,"Fred again..,Skrillex,Four Tet"
act ii: date @ 8 (feat. Drake) - remix,"4batz,Drake"
Whatever She Wants,Bryson Tiller
Nights Like This (feat. Ty Dolla $ign),"Kehlani,Ty Dolla $ign"
Good Thing (with Kehlani),"Zedd,Kehlani"
Can I,Kehlani
"yes, and?",Ariana Grande
BEAM TO YA HEAD,HAARPER
One Of Your Girls,Troye Sivan
Got Me Started,Troye Sivan
Make You Mine,Madison Beer
On My Mama,Victoria Monét
Bad Bitch (feat. Ty Dolla $ign),"Bebe Rexha,Ty Dolla $ign"
Take Me Home (feat. Bebe Rexha) - Acoustic,"Cash Cash,Bebe Rexha"
If Only I (feat. Bebe Rexha),"Loud Luxury,Two Friends,Bebe Rexha"
500lbs,Lil Tecca
Forever Yours,Brent Faiyaz
All Night Long,"Kungs,David Guetta,Izzy Bizu"
Patty Cake (feat. Takeoff),"Quavo,Takeoff"
Heart Wants What It Wants,Bebe Rexha
Miracle Man,Bebe Rexha
Beautiful Things,Benson Boone
Rich Baby Daddy (feat. Sexyy Red & SZA),"Drake,Sexyy Red,SZA"
"One Of The Girls (with JENNIE, Lily Rose Depp)","The Weeknd,JENNIE,Lily-Rose Depp"
Visions (Don't Go),Bebe Rexha
Blue Moon,Bebe Rexha
DK Rap (From Donkey Kong 64),Player2
Corduroy Dreams,Rex Orange County
‘tis the damn season,Taylor Swift
gold rush,Taylor Swift
Malibu,Miley Cyrus
Slide Away,Miley Cyrus
Would That I,Hozier
Take Me to Church,Hozier
100 Degrees,Rich Brian
All My Love,Noah Kahan
Drag Me Down,One Direction
People,Libianca
Saajanji Ghar Aaye,"Kavita Krishnamurthy,Kumar Sanu,Alka Yagnik"
Koi Mil Gaya,"Kavita Krishnamurthy,Udit Narayan,Alka Yagnik"
Gallan Goodiyaan,"Yashita Sharma,Manish Kumar Tipu,Farhan Akhtar,Shankar Mahadevan,Sukhwinder Singh"
Baby Doll,"Meet Bros Anjjan,Kanika Kapoor"
"Sajna, Say Yes To The Dress","Badshah,Payal Dev"
Paranoid,Post Malone
Spoil My Night (feat. Swae Lee),"Post Malone,Swae Lee"
Die 4 Me,Halsey
Bitch I'm Madonna,"Madonna,Nicki Minaj"
Dip (feat. Nicki Minaj),"Tyga,Nicki Minaj"
No Frauds,"Nicki Minaj,Drake,Lil Wayne"
Bruises,Reneé Rapp
Souvenir,Selena Gomez
Coast (feat. Anderson .Paak),"Hailee Steinfeld,Anderson .Paak"
I Want It All,COIN
Crash My Car,COIN
You,Miley Cyrus
Violet Chemistry,Miley Cyrus
Rich & Sad,Post Malone
River,Miley Cyrus
Should’ve Been Us,Tori Kelly
Nobody Love,Tori Kelly
missin u,Tori Kelly
Is There Someone Else?,The Weeknd
Feather,Sabrina Carpenter
la di die (feat. Jaden Hossler),"Nessa Barrett,jxdn"
Nonsense (with Coi Leray) - Remix,"Sabrina Carpenter,Coi Leray"
Muddy Feet (feat. Sia),"Miley Cyrus,Sia"
Plastic Hearts,Miley Cyrus
Zack And Codeine,Post Malone
Over Now,Post Malone
Cotton Candy,Nic D
High Infidelity,Taylor Swift
"You're On Your Own, Kid",Taylor Swift
Kuch Kuch Hota Hai,"Jatin-Lalit,Udit Narayan,Alka Yagnik"
Cupid - Twin Ver.,FIFTY FIFTY
Erasing You,HÆRT
All I Want,Kodaline
bellyache,Billie Eilish
Arcade,Duncan Laurence
Wondering,"Olivia Rodrigo,Julia Lester,Disney"
Jocelyn Flores,XXXTENTACION
Eyes Closed,Ed Sheeran
Photograph,Ed Sheeran
Thinking out Loud,Ed Sheeran
Bad Habits,Ed Sheeran
Starboy,"The Weeknd,Daft Punk"
One,Lewis Capaldi
Maybe,Lewis Capaldi
Water Under the Bridge,Adele
Psycho (feat. Ty Dolla $ign),"Post Malone,Ty Dolla $ign"
Ball For Me (feat. Nicki Minaj),"Post Malone,Nicki Minaj"
Stay,Post Malone
Blame It On Me,Post Malone
That’s Not How This Works (feat. Dan + Shay & Sabrina Carpenter) - Sabrina’s Version,"Charlie Puth,Dan + Shay,Sabrina Carpenter"
Prisoner (feat. Dua Lipa),"Miley Cyrus,Dua Lipa"
Sugar Sweet,Benson Boone
rockstar (feat. 21 Savage),"Post Malone,21 Savage"
Forget Me,Lewis Capaldi
Hollywood,Lewis Capaldi
Lie To Me,5 Seconds of Summer
Dusk Till Dawn (feat. Sia) - Radio Edit,"ZAYN,Sia"
Ghost Town,Benson Boone
Breakeven,The Script
Undrunk,FLETCHER
Love Someone,Lukas Graham
Hold Me While You Wait,Lewis Capaldi
Long Live A$AP,A$AP Rocky
PMW (All I Really Need) (feat. ScHoolboy Q),"A$AP Rocky,ScHoolboy Q"
The Hard Way,"PNAU,Khalid"
Stick Season,Noah Kahan
Why Do You Talk To Me?,Quinn XCII
Peaches (feat. Daniel Caesar & Giveon),"Justin Bieber,Daniel Caesar,Giveon"
Blurry Pictures,Max Drazen
Easy,"Connor Price,Nic D"
LOVE AGAIN,The Kid LAROI
Bones,Imagine Dragons
You Give Love A Bad Name,Bon Jovi
Glimpse of Us,Joji
Feeling Like The End,Joji
Colorado,Reneé Rapp
Catastrophize,Noah Kahan
Blue Spirits,DWLLRS
Silver Lining,Mt. Joy
8th Wonder,The National Parks
"Everywhere, Everything",Noah Kahan
She Calls Me Back,Noah Kahan
One Two Three Four (Get On The Dance Floor),"Vishal Dadlani,Hamsika Iyer"
,
The Lows,Quinn XCII
Being Me,Quinn XCII
5 Shots,gianni & kyle
The Way You Felt,Alec Benjamin
Dopamine Addict,Alec Benjamin
uh oh,Tate McRae
VIBE (feat. Jimin of BTS),"TAEYANG,Jimin"
Crash Course,Sam MacPherson
Devil Doesn’t Bargain,Alec Benjamin
Like That (feat. Gucci Mane),"Doja Cat,Gucci Mane"
I,Lil Skies
Trap Queen,Fetty Wap
Speakers,Alec Benjamin
"Shakira: Bzrp Music Sessions, Vol. 53","Bizarrap,Shakira"
Deniro,Alec Benjamin
,
Shadow Of Mine,Alec Benjamin
Cynic,Noah Kahan
Don't Let Me,Morningsiders
Stacy,Quinn XCII
Tell Me You Love Me,Demi Lovato
Hallucinogenics,Matt Maeson
Last Night,Morgan Wallen
A Sweeter Place (feat. Kid Cudi),"Selena Gomez,Kid Cudi"
Flowers,Miley Cyrus
On My Mind,Ellie Goulding
Rose Colored Lenses,Miley Cyrus
Sorry Not Sorry,Demi Lovato
Jaded,Miley Cyrus
Jenny Jenkins,Mt. Joy
Island,Miley Cyrus
Same Old Love,Selena Gomez
Hands To Myself,Selena Gomez
Kill Em With Kindness,Selena Gomez
Good For You,"Selena Gomez,A$AP Rocky"
In The Kitchen,Reneé Rapp
Ajab Si (From Om Shanti Om),KK
Dusty,Ed Sheeran
OMG,NewJeans
Chains,Nick Jonas
How Can I Forget,MKTO
Creepin' (with The Weeknd & 21 Savage),"Metro Boomin,The Weeknd,21 Savage"
False Confidence,Noah Kahan
Stay Awake,Dean Lewis
Carlo's Song,Noah Kahan
Busyhead,Noah Kahan
Ophelia,The Lumineers
Mess,Noah Kahan
Good Things Fall Apart (with Jon Bellion),"ILLENIUM,Jon Bellion"
Really Don't Care,"Demi Lovato,Cher Lloyd"
Fire N Gold,Bea Miller
Please Don't Go,Mike Posner
Pretty Brown Eyes,Cody Simpson
Rock Bottom,"Hailee Steinfeld,DNCE"
Toothbrush,DNCE
Brokenhearted,Karmin
I'm a Mess,Bebe Rexha
tolerate it,Taylor Swift
Someone New,Hozier
Chemical,Post Malone
Melting,Kali Uchis
Strangers,Kenya Grace
Bubbly (with Drake & Travis Scott),"Young Thug,Drake,Travis Scott"
Used (feat. Don Toliver),"SZA,Don Toliver"
Champion (feat. Travis Scott),"NAV,Travis Scott"
Metro Spider (with Young Thug),"Metro Boomin,Young Thug"
I Can't Save You (Interlude) [with Future & feat. Don Toliver],"Metro Boomin,Future,Don Toliver"
VALENTINO,24kGoldn
CITY OF ANGELS,24kGoldn
GAMES ON YOUR PHONE,24kGoldn
Psychic,"Chris Brown,Jack Harlow"
Fantasize,Underground
drunk text,Henry Moodie
17,Pink Sweat$
Run Through Fire,Pink Sweat$
BLAHBLAHBLAH DEMO,Joji
Superhero (Heroes & Villains) [with Future & Chris Brown],"Metro Boomin,Future,Chris Brown"
Niagara Falls (Foot or 2) [with Travis Scott & 21 Savage],"Metro Boomin,Travis Scott,21 Savage"
Greatness,Quavo
Rocketeer,"Far East Movement,Ryan Tedder,Ruff Loaderz"
PICKYOURPHONEUP (feat. K CAMP),"Jack Harlow,K CAMP"
SLIDE FOR ME,Jack Harlow
TOO MUCH,Jack Harlow
Held Me Down,"NAV,Metro Boomin"
Dreamcatcher (feat. Swae Lee & Travis Scott),"Metro Boomin,Swae Lee,Travis Scott"
SUNDOWN,Jack Harlow
bad idea,Ariana Grande
Vetement Socks,NAV
CODY BANKS,Jack Harlow
9TH GRADE,Jack Harlow
What It Is,KYLE
3:15 (Breathe),Russ
Ghost in the Machine (feat. Phoebe Bridgers),"SZA,Phoebe Bridgers"
SKELETONS,Travis Scott
fake smile,Ariana Grande
LIKE THIS,Jack Harlow
Count Me Out,Kendrick Lamar
bloodline,Ariana Grande
"thank u, next",Ariana Grande
Keanu Reeves,Logic
Cocaine,Logic
Still Ballin (feat. Wiz Khalifa),"Logic,Wiz Khalifa"
Icy (feat. Gucci Mane),"Logic,Gucci Mane"
clickbait,Logic
Wannabe,Logic
Homicide (feat. Eminem),"Logic,Eminem"
Confessions of a Dangerous Mind,Logic
Ruin My Life,Zara Larsson
My Bad,Khalid
Conceited,SZA
Toxic,Kehlani
So High,"Repiet,Lucles,Protocol Lab"
long story short,Taylor Swift
willow,Taylor Swift
Limitless,Logic
lowkey,NIKI
Hundred,Khalid
broken,lovelytheband
7 rings,Ariana Grande
champagne problems,Taylor Swift
marjorie,Taylor Swift
right where you left me - bonus track,Taylor Swift
my tears ricochet,Taylor Swift
STARGAZING,Travis Scott
SICKO MODE,Travis Scott
"break up with your girlfriend, i'm bored",Ariana Grande
YOSEMITE,Travis Scott
peace,Taylor Swift
ceilings,Lizzy McAlpine
Moral of the Story,Ashe
Labyrinth,Taylor Swift
Falling For You,"Repiet,LVRNS,Luxor,Rico 56"
Echo,"RSCL,Repiet,Julia Kleijn"
Lose Control,"MEDUZA,Becky Hill,Goodboys"
NO BYSTANDERS,Travis Scott
I LIKE,Tory Lanez
Last Kiss Of Nebulon,Tory Lanez
Hurt From Mercury,Tory Lanez
Mona Lisa (Spider-Man: Across the Spider-Verse),Dominic Fike
PORSCHE TOPLESS,Kid Cudi
Took My Breath Away (feat. Skye Morales),"Trippie Redd,Skye Morales"
Sad & Alone,"Zzz.,Trippie Redd"
"Home (Metro Boomin & Don Toliver, Lil Uzi Vert)","Metro Boomin,Don Toliver,Lil Uzi Vert"
"All The Way Live (Spider-Man: Across the Spider-Verse) (Metro Boomin & Future, Lil Uzi Vert)","Metro Boomin,Future,Lil Uzi Vert"
Glock In My Lap,"21 Savage,Metro Boomin"
"Calling (Spider-Man: Across the Spider-Verse) (Metro Boomin & Swae Lee, NAV, feat. A Boogie Wit da Hoodie)","Metro Boomin,Swae Lee,NAV,A Boogie Wit da Hoodie"
Silk & Cologne (EI8HT & Offset) - Spider-Verse Remix,"EI8HT,Offset"
"Link Up (Metro Boomin & Don Toliver, Wizkid feat. BEAM & Toian) - Spider-Verse Remix (Spider-Man: Across the Spider-Verse )","Metro Boomin,Don Toliver,Wizkid,BEAM,Toian"
Kabhi Kabhi Aditi,Rashid Ali
vampire,Olivia Rodrigo
All My Life (feat. J. Cole),"Lil Durk,J. Cole"
Ms. Poli Sci,"Paul Russell,Khary"
in my miNd,Maty Noyes
Self Love (Spider-Man: Across the Spider-Verse) (Metro Boomin & Coi Leray),"Metro Boomin,Coi Leray"
"Am I Dreaming (Metro Boomin & A$AP Rocky, Roisee)","Metro Boomin,A$AP Rocky,Roisee"
Popular (with Playboi Carti & Madonna) - The Idol Vol. 1 (Music from the HBO Original Series),"The Weeknd,Playboi Carti,Madonna"
Heaven,Niall Horan
Fast Car,Luke Combs
Peaches,Jack Black
Players,Coi Leray
"Would've, Could've, Should've",Taylor Swift
august,Taylor Swift
This Love (Taylor’s Version),Taylor Swift
Hey Stephen (Taylor’s Version),Taylor Swift
I Don’t Wanna Live Forever (Fifty Shades Darker),"ZAYN,Taylor Swift"
All Of The Girls You Loved Before,Taylor Swift
Change (Taylor’s Version),Taylor Swift
Tyler Herro,Jack Harlow
Fifteen (Taylor’s Version),Taylor Swift
White Horse (Taylor’s Version),Taylor Swift
We're All Gonna Die (with Noah Kahan),"Joy Oladokun,Noah Kahan"
The View Between Villages,Noah Kahan
Slingshot,"Zach Seabaugh,Chance Peña"
Tell Me Why (Taylor’s Version),Taylor Swift
Nobody Gets Me,SZA
Burnin' Up,Jonas Brothers
Radio,Lana Del Rey
Reminder,The Weeknd
get him back!,Olivia Rodrigo
Harleys In Hawaii,Katy Perry
Mmmh,KAI
We Go Down Together (with Khalid),"Dove Cameron,Khalid"
chaotic,Tate McRae
Strawberries & Cigarettes,Troye Sivan
Broke In A Minute,Tory Lanez
It Can't Be,Jack Harlow
The London (feat. J. Cole & Travis Scott),"Young Thug,J. Cole,Travis Scott"
HOTEL LOBBY (Unc & Phew),"Quavo,Takeoff"
FLIP THE SWITCH (feat. Drake),"Quavo,Drake"
Sky Walker (feat. Travis Scott),"Miguel,Travis Scott"
Pink Dolphin Sunset (feat. Tee),"Tory Lanez,Tee"
Midnight's Interlude,Tory Lanez
Ballad of a Badman,Tory Lanez
Hope,XXXTENTACION
Curtains,Ed Sheeran
‘87 Stingray,Tory Lanez
Sorry 4 What? // LV BELT,Tory Lanez
What the Hell,Avril Lavigne
Complicated,Avril Lavigne
The Other Side Of The Door (Taylor’s Version),Taylor Swift
Boys Ain't Shit (feat. Tate McRae & Audrey Mika),"SAYGRACE,Tate McRae,Audrey Mika"
invisible string,Taylor Swift
Out Of Love,Alessia Cara
betty,Taylor Swift
Die Young,Roddy Ricch
mad woman,Taylor Swift
this is me trying,Taylor Swift
august,Taylor Swift
Good In Goodbye,Madison Beer
Dazed & Confused,Ruel
I Got A Shot,Jack Harlow
Search & Rescue,Drake
Shut up My Moms Calling,Hotel Ugly
illicit affairs,Taylor Swift
Drop Shit,NLE Choppa
